{"_wandb":{"runtime":17712},"train_samples_per_second":1.706,"eval/accuracy":0.915,"_timestamp":1.7526451131404593e+09,"train/global_step":939,"_runtime":17712,"train_loss":0.16816769678371782,"train/learning_rate":3.4552248167507576e-09,"eval/samples_per_second":8.137,"eval/runtime":122.902,"train_steps_per_second":0.053,"train_runtime":17588.4181,"eval/steps_per_second":8.137,"train/grad_norm":2.106980562210083,"_step":103,"eval/loss":0.14290419220924377,"total_flos":0,"train/epoch":3,"train/loss":0.1016}