{"_step":48,"train_runtime":206.8239,"train/global_step":480,"train/loss":0.3483,"train_steps_per_second":2.321,"_runtime":207,"_timestamp":1.752703767506523e+09,"train_samples_per_second":2.321,"total_flos":0,"train/learning_rate":1.32211839112828e-10,"_wandb":{"runtime":207},"train/epoch":3,"train/grad_norm":8.332429570145905e-05,"train_loss":0.5059659914753866}