{"eval/runtime":1.5409,"_runtime":23,"train/grad_norm":64.73675537109375,"_wandb":{"runtime":23},"eval/samples_per_second":6.49,"train/epoch":3,"eval/steps_per_second":6.49,"train/learning_rate":3.3808211290284886e-08,"train/global_step":30,"train/loss":0.6875,"train_steps_per_second":1.418,"train_loss":0.7706576506296794,"eval/accuracy":0.3,"train_runtime":21.1578,"train_samples_per_second":1.418,"eval/loss":0.8409513235092163,"total_flos":0,"_step":7,"_timestamp":1.7526996293379216e+09}