{"train/global_step":180,"_runtime":66,"_step":18,"train_runtime":66.4431,"train_steps_per_second":2.709,"train_loss":0.37798114750120376,"train/epoch":3,"train/grad_norm":0.2941523492336273,"train/learning_rate":9.401477574932927e-10,"_timestamp":1.7527431652078457e+09,"train/loss":0.147,"train_samples_per_second":2.709,"total_flos":0,"_wandb":{"runtime":66}}