{"train/epoch":3,"_step":12,"train/loss":0.7146,"train_runtime":58.044,"train/grad_norm":21.540813446044922,"_wandb":{"runtime":53},"train/learning_rate":2.1152495889970035e-09,"train_steps_per_second":2.067,"train_loss":0.6703974604606628,"_timestamp":1.7527752218270204e+09,"train/global_step":120,"_runtime":53,"train_samples_per_second":2.067,"total_flos":0}