{"train_samples_per_second":1.718,"train/loss":0.0699,"train_loss":0.15036464851504316,"train/epoch":3,"train/learning_rate":3.4552248167507576e-09,"eval/samples_per_second":7.913,"train_runtime":17459.5644,"train_steps_per_second":0.054,"_step":103,"eval/runtime":126.3781,"_timestamp":1.7526147650538273e+09,"train/global_step":939,"total_flos":0,"eval/accuracy":0.959,"eval/loss":0.08415286242961884,"train/grad_norm":0.6543918251991272,"eval/steps_per_second":7.913,"_wandb":{"runtime":17586},"_runtime":17586}