{"_runtime":35,"_wandb":{"runtime":35},"_timestamp":1.7527420810431976e+09,"train/learning_rate":3.760237478849793e-09,"train_samples_per_second":2.562,"_step":9,"train/global_step":90,"train/loss":0.5378,"train_runtime":35.1249,"total_flos":0,"train_loss":0.5733722474839952,"train/epoch":3,"train_steps_per_second":2.562,"train/grad_norm":10.803268432617188}