{"train_steps_per_second":2.34,"train/learning_rate":9.401477574932927e-10,"_timestamp":1.7527754588618267e+09,"train_runtime":76.936,"total_flos":0,"train_loss":0.5768704136212667,"_step":18,"train/loss":0.3515,"train/grad_norm":16.48541259765625,"_wandb":{"runtime":77},"train/epoch":3,"train_samples_per_second":2.34,"_runtime":77,"train/global_step":180}