{"eval/runtime":129.2371,"train/learning_rate":3.4552248167507576e-09,"_timestamp":1.7526757286060338e+09,"_step":103,"_wandb":{"runtime":18016},"train/global_step":939,"train_runtime":17887.3652,"train/epoch":3,"train_loss":0.14354356304525187,"train/loss":0.0558,"train_steps_per_second":0.052,"eval/steps_per_second":7.738,"train_samples_per_second":1.677,"eval/loss":0.11700525134801865,"eval/accuracy":0.947,"total_flos":0,"_runtime":18016,"train/grad_norm":3.593550443649292,"eval/samples_per_second":7.738}