{"_runtime":175,"_wandb":{"runtime":175},"train/loss":0.305,"train/learning_rate":1.7268461811548176e-10,"total_flos":0,"train/epoch":3,"train/global_step":420,"train_runtime":174.8123,"train/grad_norm":34.5296630859375,"_timestamp":1.7527460491220088e+09,"train_samples_per_second":2.403,"train_loss":0.25426587907353504,"_step":42,"train_steps_per_second":2.403}