{"train_samples_per_second":1.837,"eval/runtime":116.4507,"train_loss":0.3194774640634799,"train/grad_norm":10.103672981262207,"train_runtime":16330.6109,"_wandb":{"runtime":16447},"train/epoch":3,"eval/steps_per_second":8.587,"train_steps_per_second":0.057,"train/global_step":939,"train/loss":0.1954,"_timestamp":1.7526743300917892e+09,"_runtime":16447,"train/learning_rate":3.4552248167507576e-09,"total_flos":0,"eval/accuracy":0.869,"eval/loss":0.2488378882408142,"_step":103,"eval/samples_per_second":8.587}