{"train/learning_rate":7.615242180436521e-10,"train/epoch":20,"train_samples_per_second":1.426,"_step":41,"_wandb":{"runtime":142},"total_flos":0,"train/loss":0.0477,"eval/samples_per_second":6.41,"train_steps_per_second":1.426,"train/global_step":200,"_timestamp":1.7526994821433022e+09,"_runtime":142,"train/grad_norm":0.005745063070207834,"eval/runtime":1.5601,"eval/loss":4.346385955810547,"train_loss":0.2494776326417923,"eval/accuracy":0.4,"train_runtime":140.2915,"eval/steps_per_second":6.41}