{"train_runtime":101.3008,"_step":24,"total_flos":0,"train/grad_norm":8.328367233276367,"train/learning_rate":5.288403644626571e-10,"train_samples_per_second":2.369,"train_loss":0.5079668072362741,"train/epoch":3,"_timestamp":1.7527757886361034e+09,"train/loss":0.5939,"_wandb":{"runtime":102},"_runtime":102,"train_steps_per_second":2.369,"train/global_step":240}