{"_step":262,"train/epoch":3,"total_flos":0,"train/learning_rate":1.5921360038695377e-09,"train_steps_per_second":0.241,"_wandb":{"runtime":10877},"train/loss":0.3154,"train_runtime":10877.3062,"train_samples_per_second":1.931,"train/grad_norm":16.5725040435791,"_timestamp":1.7524273119986203e+09,"train_loss":0.5258792093367803,"train/global_step":2625,"_runtime":10877}