{"_timestamp":1.752700670618663e+09,"train/loss":0.7101,"train_loss":0.6688713351885478,"total_flos":0,"_runtime":57,"train/learning_rate":2.1152495889970035e-09,"train_runtime":56.6657,"_wandb":{"runtime":57},"train/epoch":3,"_step":12,"train/grad_norm":22.328182220458984,"train_samples_per_second":2.118,"train_steps_per_second":2.118,"train/global_step":120}