{"_wandb":{"runtime":427},"_step":12,"train/learning_rate":3.4399999999999996e-05,"_timestamp":1.7522986996425962e+09,"train/global_step":130,"train/loss":0.7021,"_runtime":427,"train/epoch":0.104,"train/grad_norm":13.062822341918945}