{"train/learning_rate":8.459208643659122e-09,"train/epoch":3,"train/global_step":60,"_step":6,"train/loss":0.6926,"train_steps_per_second":2.03,"_runtime":30,"train_samples_per_second":2.03,"train_loss":0.7426421801249187,"_timestamp":1.7527750424962442e+09,"train_runtime":29.559,"_wandb":{"runtime":30},"train/grad_norm":48.939247131347656,"total_flos":0}