{"_timestamp":1.752673971695672e+09,"eval/steps_per_second":8.696,"train/global_step":939,"eval/accuracy":0.806,"eval/runtime":114.9908,"train_samples_per_second":1.858,"train_loss":0.3960935109720443,"eval/loss":0.37387004494667053,"train/learning_rate":3.4552248167507576e-09,"train/grad_norm":6.80636739730835,"train/loss":0.2843,"_runtime":16259,"train_runtime":16144.3581,"train_steps_per_second":0.058,"_step":103,"total_flos":0,"_wandb":{"runtime":16259},"eval/samples_per_second":8.696,"train/epoch":3}