{"_wandb":{"runtime":71},"eval/loss":1.8779470920562744,"train/grad_norm":1.3423171043395996,"train/learning_rate":3.0458649045211897e-09,"_timestamp":1.7526562134053087e+09,"train_steps_per_second":1.452,"train/epoch":10,"eval/samples_per_second":6.719,"eval/runtime":1.4883,"_step":21,"total_flos":0,"train_samples_per_second":1.452,"eval/accuracy":0.4,"train/loss":0.1619,"_runtime":71,"train_runtime":68.8766,"eval/steps_per_second":6.719,"train/global_step":100,"train_loss":0.49652098059654237}