{"train_loss":0.133654939671294,"_timestamp":1.7526445231130927e+09,"eval/steps_per_second":8.395,"train/grad_norm":0.1193118691444397,"_step":103,"eval/runtime":119.1115,"train/learning_rate":3.4552248167507576e-09,"eval/samples_per_second":8.395,"train/loss":0.0938,"_runtime":17204,"total_flos":0,"eval/accuracy":0.947,"train/global_step":939,"eval/loss":0.13210706412792206,"train_runtime":17077.1797,"_wandb":{"runtime":17204},"train_samples_per_second":1.757,"train/epoch":3,"train_steps_per_second":0.055}