{"_wandb":{"runtime":271},"_runtime":271,"train/global_step":60,"_step":5,"train/learning_rate":1.5733333333333334e-05,"_timestamp":1.7525670530067294e+09,"train/grad_norm":15.86357307434082,"train/epoch":0.048,"train/loss":0.6167}