{"train_samples_per_second":1.736,"eval/samples_per_second":8.151,"train/grad_norm":2.8305258750915527,"total_flos":0,"train/global_step":939,"train_steps_per_second":0.054,"_runtime":17404,"train_loss":0.14789190339331174,"eval/accuracy":0.949,"train/loss":0.0623,"eval/loss":0.1011757180094719,"eval/runtime":122.6847,"_timestamp":1.752644739715325e+09,"_wandb":{"runtime":17404},"train_runtime":17281.2798,"eval/steps_per_second":8.151,"train/learning_rate":3.4552248167507576e-09,"_step":103,"train/epoch":3}