{"train_samples_per_second":1.275,"eval/loss":0.7397372126579285,"train/grad_norm":48.563011169433594,"train_runtime":47.0491,"total_flos":0,"_step":13,"train/epoch":3,"eval/steps_per_second":7.186,"eval/samples_per_second":7.186,"eval/accuracy":0.5,"eval/runtime":2.7831,"train/global_step":60,"train_loss":0.7408087730407715,"_wandb":{"runtime":50},"train/learning_rate":8.459208643659122e-09,"_timestamp":1.7527000973720899e+09,"_runtime":50,"train/loss":0.6904,"train_steps_per_second":1.275}